time,pack_voltage,pack_current
0.0,17.029691540034158,-30.0
1.0,17.06947640261546,-30.0
2.2,17.07694273494139,-29.866666666666667
3.64,17.08532855845089,-29.706666666666667
5.368,17.094623899874872,-29.514666666666667
7.4416,17.104815566715168,-29.284266666666667
9.92992,17.11584370001365,-29.007786666666668
12.915904,17.127582390043447,-28.676010666666667
16.4990848,17.1398192916947,-28.27787946666667
20.79890176,17.15223703603487,-27.800122026666667
25.79890176,17.163898483383996,-27.226813098666668
30.79890176,17.1723028353396,-26.560146432
35.79890176,17.17867487318346,-25.893479765333332
40.79890176,17.183284333785373,-25.226813098666668
45.79890176,17.18635537552243,-24.560146432
50.79890176,17.18807500829669,-23.893479765333332
55.79890176,17.18859972546917,-23.226813098666668
60.79890176,17.188060741560665,-22.560146432
65.79890176,17.18656839622546,-21.893479765333332
70.79890176,17.184215699301483,-21.226813098666668
75.79890176,17.181081267233996,-20.560146432
80.79890176,17.17723172856563,-19.893479765333332
85.79890176,17.17272383077992,-19.226813098666668
90.79890176,17.167606034762848,-18.560146432
95.79890176,17.161919935142713,-17.893479765333332
100.79890176,17.15570141871961,-17.226813098666668
105.79890176,17.148981632009644,-16.560146432
110.79890176,17.141787791865347,-15.893479765333332
115.79890176,17.134143867123786,-15.226813098666666
120.79890176,17.12607115411993,-14.560146432
125.79890176,17.11758876461465,-13.893479765333332
130.79890176,17.10871404111111,-13.226813098666668
135.79890176,17.099462911558795,-12.560146432
140.79890176,17.08985019297217,-11.893479765333332
145.79890176,17.079889851438306,-11.226813098666668
150.79890176,17.06959522429114,-10.560146432
155.79890176,17.05897920883718,-9.893479765333332
160.79890176,17.04805442089341,-9.226813098666668
165.79890176,17.0368333255176,-8.560146432
170.79890176,17.02532834165629,-7.893479765333332
175.79890176,17.013551921995738,-7.226813098666668
180.79890176,17.001516609063692,-6.560146432
185.79890176,16.989235068582076,-5.893479765333332
190.79890176,16.976720101194783,-5.226813098666668
195.79890176,16.963984633962273,-4.560146432
200.79890176,16.951041693390206,-3.893479765333332
205.79890176,16.937904362196385,-3.2268130986666677
210.79890176,16.92458572246954,-2.560146432
215.79890176,16.911098788277602,-1.893479765333332
220.79890176,16.897456431094103,-1.2268130986666677
225.79890176,16.883671301583522,-0.5601464319999998
230.79890176,16.879728873210233,0.10652023466666805
235.79890176,16.86617509054094,0.7731869013333323
240.79890176,16.852412446803648,1.4398535680000002
245.79890176,16.83847688476905,2.106520234666668
250.79890176,16.824392000199932,2.7731869013333323
255.79890176,16.810178014761167,3.4398535680000037
260.79890176000004,16.795852538552346,4.106520234666668
265.79890176000004,16.781431048998847,4.7731869013333394
270.79890176000004,16.76692722294334,5.439853568000004
275.79890176000004,16.752353187151726,6.106520234666668
280.79890176000004,16.737719719490478,6.7731869013333394
285.79890176000004,16.723036417911523,7.439853568000004
290.79890176000004,16.70831184704793,8.106520234666668
295.79890176000004,16.693553668366356,8.77318690133334
300.79890176000004,16.678768757617913,9.439853568000004
305.79890176000004,16.663963311986613,10.106520234666668
310.79890176000004,16.649142948488077,10.77318690133334
315.79890176000004,16.634312794632393,11.439853568000004
320.79890176000004,16.61947757202776,12.106520234666668
325.79890176000004,16.604641673394898,12.77318690133334
330.79890176000004,16.58980923334537,13.439853568000004
335.79890176000004,16.574984193213364,14.106520234666668
340.79890176000004,16.5601703602018,14.77318690133334
345.79890176000004,16.545371461093428,15.439853568000004
350.79890176000004,16.530591190774906,16.106520234666668
355.79890176000004,16.51583325582266,16.77318690133334
360.79890176000004,16.501101413397752,17.439853568000004
365.79890176000004,16.486399505692653,18.106520234666668
370.79890176000004,16.471731490163343,18.77318690133334
375.79890176000004,16.457101465768936,19.439853568000004
380.79890176000004,16.44251369542334,20.106520234666668
385.79890176000004,16.427972624846262,20.77318690133334
390.79890176000004,16.413482897979268,21.439853568000004
395.79890176000004,16.399049369111683,22.106520234666668
400.79890176000004,16.384677111839377,22.77318690133334
405.79890176000004,16.370371424957504,23.439853568000004
410.79890176000004,16.35613783536906,24.106520234666668
415.79890176000004,16.341982098070925,24.77318690133334
420.79890176000004,16.327910193262962,25.439853568000004
425.79890176000004,16.313928320610334,26.106520234666668
430.79890176000004,16.300042890677105,26.77318690133334
435.79890176000004,16.286260513538643,27.439853568000004
440.79890176000004,16.272587984574383,28.106520234666668
445.79890176000004,16.259032267436943,28.77318690133334
450.79890176000004,16.24560047419374,29.439853568000004
455.79890176000004,16.232299842638415,30.106520234666668
460.79890176000004,16.219137710774756,30.77318690133334
465.79890176000004,16.20612148848445,31.439853568000004
470.79890176000004,16.19325862640105,32.10652023466667
475.79890176000004,16.18055658202829,32.77318690133334
480.79890176000004,16.168022783157678,33.439853568000004
485.79890176000004,16.15566458866314,34.106520234666675
490.79890176000004,16.143489246773385,34.77318690133333
495.79890176000004,16.131503850950565,35.439853568000004
500.79890176000004,16.119715293533513,36.106520234666675
505.79890176000004,16.108130217336285,36.77318690133333
510.79890176000004,16.096754965427092,37.439853568000004
515.79890176,16.085595529348833,38.106520234666675
520.79890176,16.074657496080587,38.77318690133333
525.79890176,16.063945994076764,39.439853568000004
530.79890176,16.053465638760546,40.106520234666675
535.79890176,16.043220477885054,40.77318690133333
540.79890176,16.03321393721364,41.439853568000004
545.79890176,16.02344876700539,42.106520234666675
550.79890176,16.013926989824093,42.77318690133333
555.79890176,16.00464985021805,43.439853568000004
560.79890176,15.995617766841635,44.106520234666675
565.79890176,15.986830287608537,44.77318690133333
570.79890176,15.978286048479278,45.439853568000004
575.79890176,15.969982736489948,46.106520234666675
580.79890176,15.961917057626914,46.77318690133333
585.79890176,15.954084710140473,47.439853568000004
590.79890176,15.946480363869567,48.106520234666675
595.79890176,15.939097646118592,48.77318690133333
600.79890176,15.93192913458696,49.439853568000004
605.79890176,15.925226848923648,50.06657514666667
610.79890176,15.920085440393276,50.483241813333336
615.79890176,15.91516871012649,50.89990848
620.79890176,15.91045283350388,51.31657514666667
625.79890176,15.905916430684893,51.733241813333336
630.79890176,15.901539926507974,52.14990848
635.79890176,15.897305086634242,52.56657514666667
640.79890176,15.893194686610656,52.983241813333336
645.79890176,15.889192277531949,53.39990848
650.79890176,15.885282021850575,53.81657514666667
655.79890176,15.881448580275388,54.233241813333336
660.79890176,15.877677036040756,54.64990848
665.79890176,15.873952846658858,55.06657514666667
670.79890176,15.870261815993329,55.483241813333336
675.79890176,15.866590081422652,55.89990848
680.79890176,15.862924112226235,56.31657514666667
685.79890176,15.859250716294746,56.733241813333336
690.79890176,15.855557052956904,57.14990848
695.79890176,15.851830650212072,57.56657514666667
700.79890176,15.848059425019072,57.983241813333336
705.79890176,15.844231705558936,58.39990848
710.79890176,15.840336254588612,58.816575146666665
715.79890176,15.836362293156181,59.233241813333336
720.79890176,15.832299524067288,59.64990848
725.79890176,15.828138154590185,60.066575146666665
730.79890176,15.823868917964889,60.483241813333336
735.79890176,15.81948309335106,60.89990848
740.79890176,15.81497252390704,61.316575146666665
745.79890176,15.810329632745859,61.733241813333336
750.79890176,15.805547436561001,62.14990848
755.79890176,15.800619556758793,62.566575146666665
760.79890176,15.795540227974957,62.983241813333336
765.79890176,15.790304303890473,63.39990848
770.79890176,15.784907260297336,63.816575146666665
775.79890176,15.779345195398266,64.23324181333334
780.79890176,15.773614827354178,64.64990848000001
785.79890176,15.767713489122734,65.06657514666666
790.79890176,15.761639120656218,65.48324181333334
795.79890176,15.755390258551724,65.89990848000001
800.79890176,15.7489660232666,66.31657514666666
805.79890176,15.742366104031957,66.73324181333334
810.79890176,15.735590741612496,67.14990848
815.79890176,15.728640709074936,67.56657514666666
820.79890176,15.721517290738257,67.98324181333334
825.79890176,15.714222259488388,68.39990848
830.79890176,15.706757852645577,68.81657514666666
835.79890176,15.699126746577345,69.23324181333334
840.79890176,15.691332030251802,69.64990848
845.79890176,15.683377177925731,70.06657514666666
850.79890176,15.67526602116015,70.48324181333334
855.79890176,15.66700272035211,70.89990848
860.79890176,15.658591735965924,71.31657514666666
865.79890176,15.650037799640694,71.73324181333334
870.79890176,15.641345885342156,72.14990848
875.79890176,15.632521180718669,72.56657514666666
880.79890176,15.623569058810268,72.98324181333334
885.79890176,15.614495050249252,73.39990848
890.79890176,15.605304816079725,73.81657514666666
895.79890176,15.596004121311179,74.23324181333334
900.79890176,15.586598809309942,74.64990848
905.79890176,15.57709477711947,75.06657514666666
910.79890176,15.567497951789244,75.48324181333334
915.79890176,15.557814267779383,75.89990848
920.79890176,15.548049645497262,76.31657514666666
925.79890176,15.538209971010362,76.73324181333334
930.79890176,15.528301076969505,77.14990848
935.79890176,15.51832872476578,77.56657514666666
940.79890176,15.50829858793525,77.98324181333334
945.79890176,15.498216236815688,78.39990848
950.79890176,15.488087124452077,78.81657514666666
955.79890176,15.477916573739016,79.23324181333334
960.79890176,15.467709765781372,79.64990848
965.79890176,15.457471729448203,80.06657514666666
970.79890176,15.447207332089082,80.48324181333334
975.79890176,15.436921271376919,80.89990848
980.79890176,15.426618068237014,81.31657514666666
985.79890176,15.416302060818174,81.73324181333334
990.79890176,15.405977399458953,82.14990848
995.79890176,15.395648042598788,82.56657514666666
1000.79890176,15.385317753582433,82.98324181333334
1005.79890176,15.374990098304407,83.39990848
1010.79890176,15.36466844363855,83.81657514666666
1015.79890176,15.354355956597997,84.23324181333334
1020.79890176,15.344055604169991,84.64990848
1025.79890176,15.333770153770422,85.06657514666666
1030.79890176,15.323502174263071,85.48324181333334
1035.79890176,15.313254037489774,85.89990848
1040.79890176,15.303027920258023,86.31657514666666
1045.79890176,15.292825806734326,86.73324181333334
1050.79890176,15.282649491192588,87.14990848
1055.79890176,15.272500581068304,87.56657514666666
1060.79890176,15.262380500271377,87.98324181333334
1065.79890176,15.252290492711612,88.39990848
1070.79890176,15.242231625992867,88.81657514666666
1075.79890176,15.232204795234056,89.23324181333334
1080.79890176,15.222210726976439,89.64990848
1085.79890176,15.212249983139172,90.06657514666666
1090.79890176,15.202322964986392,90.48324181333334
1095.79890176,15.1924299170712,90.89990848
1100.79890176,15.182570931124026,91.31657514666666
1105.79890176,15.172745949853772,91.73324181333334
1110.79890176,15.162954770632696,92.14990848
1115.79890176,15.153197049037058,92.56657514666666
1120.79890176,15.14347230221707,92.98324181333334
1125.79890176,15.13377991207136,93.39990848
1130.79890176,15.124119128202157,93.81657514666666
1135.79890176,15.114489070628785,94.23324181333334
1140.79890176,15.10488873223776,94.64990848
1145.79890176,15.095316980949379,95.06657514666666
1150.79890176,15.085772561580397,95.48324181333334
1155.79890176,15.076254097384203,95.89990848
1160.79890176,15.066760091249371,96.31657514666666
1165.79890176,15.057288926538495,96.73324181333334
1170.79890176,15.047838867548936,97.14990848
1175.79890176,15.038408059577336,97.56657514666666
1180.79890176,15.028994528569426,97.98324181333334
1185.79890176,15.019596180336523,98.39990848
1190.79890176,15.01021079931945,98.81657514666666
1195.79890176,15.000836046879444,99.23324181333334
1200.79890176,14.991469459095786,99.64990848
1205.79890176,14.983219650559084,99.86684970666666
1210.79890176,14.980937366984284,99.03351637333333
1215.79890176,14.979379030136696,98.20018304
1220.79890176,14.978433430573439,97.36684970666666
1225.79890176,14.978013787198483,96.53351637333333
1230.79890176,14.978050599833779,95.70018304
1235.79890176,14.978487109952656,94.86684970666666
1240.79890176,14.979276214743921,94.03351637333333
1245.79890176,14.980378292750766,93.20018304
1250.79890176,14.98175963736029,92.36684970666666
1255.79890176,14.983391306911217,91.53351637333333
1260.79890176,14.985248264740738,90.70018304
1265.79890176,14.98730872354014,89.86684970666666
1270.79890176,14.989553635568251,89.03351637333333
1275.79890176,14.991966288545306,88.20018304
1280.79890176,14.99453197941022,87.36684970666666
1285.79890176,14.997237746515571,86.53351637333333
1290.79890176,15.000072146549963,85.70018304
1295.79890176,15.003025066383739,84.86684970666666
1300.79890176,15.006087562719275,84.03351637333333
1305.79890176,15.009251724281254,83.20018304
1310.79890176,15.012510552578789,82.36684970666667
1315.79890176,15.015857858183159,81.53351637333333
1320.79890176,15.019288170118042,80.70018304
1325.79890176,15.022796656433934,79.86684970666667
1330.79890176,15.026379054389475,79.03351637333333
1335.79890176,15.030031608927997,78.20018304
1340.79890176,15.033751018344072,77.36684970666667
1345.79890176,15.037534386196883,76.53351637333333
1350.79890176,15.041379178662087,75.70018304
1355.79890176,15.045283186622841,74.86684970666667
1360.79890176,15.049244491897605,74.03351637333333
1365.79890176,15.053261437085075,73.20018304
1370.79890176,15.05733259858093,72.36684970666667
1375.79890176,15.061456762387676,71.53351637333333
1380.79890176,15.06563290240009,70.70018304
1385.79890176,15.069860160901985,69.86684970666667
1390.79890176,15.07413783105823,69.03351637333333
1395.79890176,15.078465341226437,68.20018304
1400.79890176,15.082842240947315,67.36684970666667
1405.79890176,15.087268188497834,66.53351637333333
1410.79890176,15.091742939910265,65.70018304
1415.79890176,15.096266339371029,64.86684970666667
1420.79890176,15.100838310917997,64.03351637333333
1425.79890176,15.105458851352921,63.20018304
1430.79890176,15.11012802428147,62.36684970666666
1435.79890176,15.114845955184938,61.53351637333333
1440.79890176,15.119612827419585,60.70018304
1445.79890176,15.124428879032884,59.86684970666666
1450.79890176,15.129294400279413,59.03351637333333
1455.79890176,15.134209731717645,58.20018304
1460.79890176,15.139175262769644,57.36684970666666
1465.79890176,15.144191430630341,56.53351637333333
1470.79890176,15.149258719419837,55.70018304
1475.79890176,15.154377659483428,54.86684970666666
1480.79890176,15.159548826755149,54.03351637333333
1485.79890176,15.16477284211408,53.20018304
1490.79890176,15.170050370675874,52.36684970666666
1495.79890176,15.17538212097531,51.53351637333333
1500.79890176,15.180768844008124,50.70018304
1505.79890176,15.186211332111357,49.86684970666666
1510.79890176,15.191710417671434,49.03351637333333
1515.79890176,15.197266971657658,48.20018304
1520.79890176,15.20288190198523,47.36684970666666
1525.79890176,15.208556151717765,46.53351637333333
1530.79890176,15.2142906971224,45.70018304
1535.79890176,15.220086545594224,44.86684970666666
1540.79890176,15.225944733467689,44.03351637333333
1545.79890176,15.231866323733813,43.20018304
1550.79890176,15.237852403681934,42.36684970666666
1555.79890176,15.243904082484361,41.53351637333333
1560.79890176,15.250022488740932,40.70018304
1565.79890176,15.256208767999969,39.86684970666666
1570.79890176,15.26246408026949,39.03351637333333
1575.79890176,15.268789597532106,38.20018304
1580.79890176,15.2751865012745,37.36684970666666
1585.79890176,15.281655980040432,36.53351637333333
1590.79890176,15.288199227015603,35.70018304
1595.79890176,15.294817437649478,34.86684970666667
1600.79890176,15.301511807318914,34.03351637333333
1605.79890176,15.308283529035636,33.20018304
1610.79890176,15.315133791199285,32.36684970666667
1615.79890176,15.322063775395428,31.533516373333327
1620.79890176,15.329074654237395,30.70018304
1625.79890176,15.33616758924927,29.86684970666667
1630.79890176,15.343343728786243,29.033516373333327
1635.79890176,15.350604205988649,28.20018304
1640.79890176,15.357950136763519,27.36684970666667
1645.79890176,15.365382617788958,26.533516373333327
1650.79890176,15.37290272453455,25.70018304
1655.79890176,15.380511509291491,24.86684970666667
1660.79890176,15.388209999206333,24.033516373333327
1665.79890176,15.395999194311232,23.20018304
1670.79890176,15.403880065545076,22.36684970666667
1675.79890176,15.41185355275911,21.533516373333327
1680.79890176,15.419920562702403,20.70018304
1685.79890176,15.428081966982145,19.86684970666667
1690.79890176,15.436338599995487,19.033516373333327
1695.79890176,15.444691256830966,18.20018304
1700.79890176,15.45314069113778,17.36684970666667
1705.79890176,15.461687612964484,16.533516373333327
1710.79890176,15.470332686568588,15.700183039999999
1715.79890176,15.4790765282022,14.86684970666667
1720.79890176,15.48791970387941,14.033516373333327
1725.79890176,15.496862727134921,13.200183039999999
1730.79890176,15.505906056784395,12.36684970666667
1735.79890176,15.515050094700822,11.533516373333327
1740.79890176,15.524295183622772,10.700183039999999
1745.79890176,15.533641605013916,9.86684970666667
1750.79890176,15.543089576995134,9.033516373333327
1755.79890176,15.552639252373776,8.200183039999999
1760.79890176,15.56229071679666,7.36684970666667
1765.79890176,15.572043987055682,6.5335163733333275
1770.79890176,15.581899009577743,5.700183039999999
1775.79890176,15.59185565913075,4.86684970666667
1780.79890176,15.6019137377809,4.0335163733333275
1785.79890176,15.6120729741352,3.200183039999999
1790.79890176,15.622333022905025,2.3668497066666703
1795.79890176,15.63269346482496,1.5335163733333275
1800.79890176,15.643153806960578,0.7001830399999989
1805.79890176,15.653707541512174,-0.1331502933333392
1810.79890176,15.664364909706899,-0.9664836266666725
1815.79890176,15.675120212476141,-1.7998169600000058
1820.79890176,15.685972653607765,-2.633150293333339
1825.79890176,15.696921374594377,-3.4664836266666725
1830.79890176,15.707965455192356,-4.299816960000006
1835.79890176,15.719103916182837,-5.133150293333339
1840.79890176,15.73033572303189,-5.9664836266666725
1845.79890176,15.741659790215264,-6.799816960000006
1850.79890176,15.753074986094786,-7.633150293333339
1855.79890176,15.764580138278113,-8.466483626666673
1860.79890176,15.776174039407348,-9.299816960000005
1865.79890176,15.787855453324168,-10.133150293333339
1870.79890176,15.799623121555838,-10.966483626666673
1875.79890176,15.811475770063135,-11.799816960000005
1880.79890176,15.82341211618717,-12.633150293333339
1885.79890176,15.835430875728127,-13.466483626666673
1890.79890176,15.847530770088527,-14.299816960000005
1895.79890176,15.859710533410858,-15.133150293333339
1900.79890176,15.871968919642574,-15.966483626666673
1905.79890176,15.884304709462306,-16.799816960000005
1910.79890176,15.89671671700686,-17.633150293333337
1915.79890176,15.909203796343743,-18.466483626666673
1920.79890176,15.921764847642555,-19.299816960000005
1925.79890176,15.934398823006573,-20.133150293333337
1930.79890176,15.947104731936669,-20.966483626666673
1935.79890176,15.959881646409373,-21.799816960000005
1940.79890176,15.972728705560687,-22.633150293333337
1945.79890176,15.985645119975375,-23.466483626666673
1950.79890176,15.99863017558767,-24.299816960000005
1955.79890176,16.01168323719921,-25.133150293333337
1960.79890176,16.024803751618496,-25.966483626666673
1965.79890176,16.03799125041403,-26.799816960000005
1970.79890176,16.05124535225787,-27.633150293333337
1975.79890176,16.06456576481196,-28.466483626666673
1980.79890176,16.07795228608254,-29.299816960000005
1985.79890176,16.091404805135316,-30.133150293333337
1990.79890176,16.104923302036124,-30.966483626666673
1995.79890176,16.118507846857053,-31.799816960000005
2000.79890176,16.132158597575057,-32.63315029333334
2005.79890176,16.14587579669063,-33.46648362666667
2010.79890176,16.159659766409796,-34.29981696
2015.79890176,16.173510902266166,-35.13315029333334
2020.79890176,16.18742966510154,-35.96648362666667
2025.79890176,16.20141657137654,-36.79981696
2030.79890176,16.21547218183255,-37.63315029333334
2035.79890176,16.229597088572227,-38.46648362666667
2040.79890176,16.24379190065937,-39.29981696
2045.79890176,16.258057228358776,-40.13315029333334
2050.7989017600003,16.27239366614162,-40.96648362666667
2055.7989017600003,16.286801774573686,-41.799816960000044
2060.7989017600003,16.301282061185223,-42.63315029333337
2065.7989017600003,16.315834960397844,-43.46648362666671
2070.7989017600003,16.330460812557025,-44.299816960000044
2075.7989017600003,16.345159842095594,-45.13315029333337
2080.7989017600003,16.359932134831098,-45.96648362666671
2085.7989017600003,16.37477761438762,-46.799816960000044
2090.7989017600003,16.389696017721185,-47.63315029333337
2095.7989017600003,16.404686869727303,-48.46648362666671
2100.7989017600003,16.419749456912335,-49.299816960000044
2105.7989017600003,16.434882800119055,-50.13315029333337
2110.7989017600003,16.450085626311708,-50.96648362666671
2115.7989017600003,16.465356339443904,-51.799816960000044
2120.7989017600003,16.480692990456216,-52.63315029333337
2125.7989017600003,16.49609324647725,-53.46648362666671
2130.7989017600003,16.511554359333072,-54.299816960000044
2135.7989017600003,16.527073133505073,-55.13315029333337
2140.7989017600003,16.542645893716408,-55.96648362666671
2145.7989017600003,16.55826845237062,-56.799816960000044
2150.7989017600003,16.57393607711567,-57.63315029333337
2155.7989017600003,16.58964345886002,-58.46648362666671
2160.7989017600003,16.605384680627342,-59.299816960000044
2165.7989017600003,16.621153187700205,-60.13315029333337
2170.7989017600003,16.636941759574057,-60.96648362666671
2175.7989017600003,16.65274248431769,-61.799816960000044
2180.7989017600003,16.66854673601662,-62.63315029333337
2185.7989017600003,16.684345156061617,-63.46648362666671
2190.7989017600003,16.70012763913234,-64.29981696000004
2195.7989017600003,16.715883324818087,-65.13315029333337
2200.7989017600003,16.731600595910063,-65.9664836266667
2205.7989017600003,16.747267084491547,-66.79981696000004
2210.7989017600003,16.76286968704107,-67.63315029333337
2215.7989017600003,16.778394589847036,-68.4664836266667
2220.7989017600003,16.793827306105833,-69.29981696000004
2225.7989017600003,16.80915272613484,-70.13315029333337
2230.7989017600003,16.824355182174592,-70.9664836266667
2235.7989017600003,16.83941852927131,-71.79981696000004
2240.7989017600003,16.854326243720063,-72.63315029333337
2245.7989017600003,16.869061540499732,-73.4664836266667
2250.7989017600003,16.88360751103943,-74.29981696000004
2255.7989017600003,16.89794728251183,-75.13315029333337
2260.7989017600003,16.91206419964707,-75.9664836266667
2265.7989017600003,16.92594202979075,-76.79981696000004
2270.7989017600003,16.939565191586603,-77.63315029333337
2275.7989017600003,16.952919007241043,-78.4664836266667
2280.7989017600003,16.965989977817603,-79.29981696000004
2285.7989017600003,16.97876608041333,-80.13315029333337
2290.7989017600003,16.991237085384373,-80.9664836266667
2295.7989017600003,17.003394891018736,-81.79981696000004
2300.7989017600003,17.015233872208086,-82.63315029333337
2305.7989017600003,17.026751238759175,-83.4664836266667
2310.7989017600003,17.037947398028116,-84.29981696000004
2315.7989017600003,17.04882631558078,-85.13315029333337
2320.7989017600003,17.05939586661099,-85.9664836266667
2325.7989017600003,17.069668169922643,-86.79981696000004
2330.7989017600003,17.079659895444316,-87.63315029333337
2335.7989017600003,17.089392535546246,-88.4664836266667
2340.7989017600003,17.09889262991937,-89.29981696000004
2345.7989017600003,17.10819193351202,-90.13315029333337
2350.7989017600003,17.117327517052367,-90.9664836266667
2355.7989017600003,17.12634179006701,-91.79981696000004
2360.7989017600003,17.135282437077883,-92.63315029333337
2365.7989017600003,17.14420225885431,-93.4664836266667
2370.7989017600003,17.153158912228925,-94.29981696000004
2375.7989017600003,17.162214544052688,-95.13315029333337
2380.7989017600003,17.17143531734041,-95.9664836266667
2385.7989017600003,17.18089083049177,-96.79981696000004
2390.7989017600003,17.19065343359143,-97.63315029333337
2395.7989017600003,17.20079744909256,-98.4664836266667
2400.7989017600003,17.21139830755002,-99.29981696000004
2405.7989017600003,17.220743518731066,-99.80027455999993
2410.7989017600003,17.22091673163936,-98.55027455999993
2415.7989017600003,17.220032755622164,-97.30027455999993
2420.7989017600003,17.218298931839204,-96.05027455999993
2425.7989017600003,17.21587469006277,-94.80027455999993
2430.7989017600003,17.21288428832014,-93.55027455999993
2435.7989017600003,17.209425032575098,-92.30027455999993
2440.7989017600003,17.20557306711208,-91.05027455999993
2445.7989017600003,17.201387721687347,-89.80027455999993
2450.7989017600003,17.19691489042207,-88.55027455999993
2455.7989017600003,17.1921897069113,-87.30027455999993
2460.7989017600003,17.18723868452147,-86.05027455999993
2465.7989017600003,17.182081440140557,-84.80027455999993
2470.7989017600003,17.176732088559984,-83.55027455999993
2475.7989017600003,17.171200373699328,-82.30027455999993
2480.7989017600003,17.16549258794043,-81.05027455999993
2485.7989017600003,17.159612319839315,-79.80027455999993
2490.7989017600003,17.1535610622114,-78.55027455999993
2495.7989017600003,17.147338706254438,-77.30027455999993
2500.7989017600003,17.14094394245711,-76.05027455999993
2505.7989017600003,17.134374585168366,-74.80027455999993
2510.7989017600003,17.127627834622185,-73.55027455999993
2515.7989017600003,17.12070048773156,-72.30027455999993
2520.7989017600003,17.11358910695808,-71.05027455999993
2525.7989017600003,17.106290154923805,-69.80027455999993
2530.7989017600003,17.098800101089516,-68.55027455999993
2535.7989017600003,17.091115505719166,-67.30027455999993
2540.7989017600003,17.083233085439637,-66.05027455999993
2545.7989017600003,17.075149763951963,-64.80027455999993
2550.7989017600003,17.06686271082896,-63.550274559999934
2555.7989017600003,17.058369370818124,-62.300274559999934
2560.7989017600003,17.04966748564211,-61.050274559999934
2565.7989017600003,17.040755109936207,-59.800274559999934
2570.7989017600003,17.031630622668224,-58.550274559999934
2575.7989017600003,17.022292735144447,-57.300274559999934
2580.7989017600003,17.012740496503202,-56.050274559999934
2585.7989017600003,17.002973297431996,-54.800274559999934
2590.7989017600003,16.992990872705118,-53.550274559999934
2595.7989017600003,16.982793303025147,-52.300274559999934
2600.7989017600003,16.972381016556508,-51.050274559999934
2605.7989017600003,16.961754790460816,-49.800274559999934
2610.7989017600003,16.950915752678643,-48.550274559999934
2615.7989017600003,16.93986538414766,-47.300274559999934
2620.7989017600003,16.92860552160144,-46.050274559999934
2625.7989017600003,16.917138361054636,-44.800274559999934
2630.7989017600003,16.905466462046768,-43.550274559999934
2635.7989017600003,16.893592752687457,-42.300274559999934
2640.7989017600003,16.88152053551917,-41.050274559999934
2645.7989017600003,16.869253494188605,-39.800274559999934
2650.7989017600003,16.85679570089263,-38.550274559999934
2655.7989017600003,16.84415162453936,-37.300274559999934
2660.7989017600003,16.83132613953756,-36.050274559999934
2665.7989017600003,16.81832453509713,-34.800274559999934
2670.7989017600003,16.805152524889877,-33.550274559999934
2675.7989017600003,16.79181625688026,-32.300274559999934
2680.7989017600003,16.778322323091803,-31.050274559999934
2685.7989017600003,16.764677769024225,-29.800274559999934
2690.7989017600003,16.750890102378058,-28.550274559999934
2695.7989017600003,16.73696730068039,-27.300274559999934
2700.7989017600003,16.72291781733384,-26.050274559999934
2705.7989017600003,16.708750585535963,-24.800274559999934
2710.7989017600003,16.694475019436574,-23.550274559999934
2715.7989017600003,16.680101011822153,-22.300274559999934
2720.7989017600003,16.665638927539934,-21.050274559999934
2725.7989017600003,16.651099591808357,-19.800274559999934
2730.7989017600003,16.63649427250831,-18.550274559999934
2735.7989017600003,16.621834655520665,-17.300274559999934
2740.7989017600003,16.607132812176104,-16.050274559999934
2745.7989017600003,16.592401157922925,-14.800274559999934
2750.7989017600003,16.57765240140233,-13.550274559999934
2755.7989017600003,16.56289948325846,-12.300274559999934
2760.7989017600003,16.54815550420096,-11.050274559999934
2765.7989017600003,16.53343364208678,-9.800274559999934
2770.7989017600003,16.518747058086543,-8.550274559999934
2775.7989017600003,16.504108792345143,-7.300274559999934
2780.7989017600003,16.48953164992016,-6.050274559999934
2785.7989017600003,16.475028078169284,-4.800274559999934
2790.7989017600003,16.460610037139723,-3.5502745599999344
2795.7989017600003,16.446288864864382,-2.3002745599999344
2800.7989017600003,16.432075139773534,-1.0502745599999344
2805.7989017600003,16.4205731182511,0.19972544000006565
2810.7989017600003,16.406651486708427,1.4497254400000656
2815.7989017600003,16.392837149197927,2.6997254400000656
2820.7989017600003,16.379142012275018,3.9497254400000656
2825.7989017600003,16.365575140572282,5.199725440000066
2830.7989017600003,16.35214317663474,6.449725440000066
2835.7989017600003,16.33885053723029,7.699725440000066
2840.7989017600003,16.325699506184044,8.949725440000066
2845.7989017600003,16.312690284446806,10.199725440000066
2850.7989017600003,16.299821026198373,11.449725440000066
2855.7989017600003,16.287087874902962,12.699725440000066
2860.7989017600003,16.27448500648262,13.949725440000066
2865.7989017600003,16.262004683563184,15.199725440000066
2870.7989017600003,16.249637323061258,16.449725440000066
2875.7989017600003,16.237371578376862,17.699725440000066
2880.7989017600003,16.22519443677996,18.949725440000066
2885.7989017600003,16.213091332076836,20.199725440000066
2890.7989017600003,16.201046272240998,21.449725440000066
2895.7989017600003,16.189041981355327,22.699725440000066
2900.7989017600003,16.1770600549188,23.949725440000066
2905.7989017600003,16.165081127305168,25.199725440000066
2910.7989017600003,16.153085049922815,26.449725440000066
2915.7989017600003,16.14105107840402,27.699725440000066
2920.7989017600003,16.128958066954137,28.949725440000066
2925.7989017600003,16.116784667814606,30.199725440000066
2930.7989017600003,16.104509533644773,31.449725440000066
2935.7989017600003,16.092111520508293,32.699725440000066
2940.7989017600003,16.07956988906588,33.949725440000066
2945.7989017600003,16.06686450153284,35.199725440000066
2950.7989017600003,16.053976011958103,36.449725440000066
2955.7989017600003,16.040886047427534,37.699725440000066
2960.7989017600003,16.02757737788593,38.949725440000066
2965.7989017600003,16.01403407241269,40.199725440000066
2970.7989017600003,16.000241639970973,41.449725440000066
2975.7989017600003,15.986187152877953,42.699725440000066
2980.7989017600003,15.971859351509288,43.949725440000066
2985.7989017600003,15.957248729048308,45.199725440000066
2990.7989017600003,15.94234759541147,46.449725440000066
2995.7989017600003,15.927150119820686,47.699725440000066
3000.7989017600003,15.911652351839793,48.949725440000066
3005.7989017600003,15.897781241412478,49.893479765333296
3010.7989017600003,15.89391835530352,49.22681309866663
3015.7989017600003,15.890656421002086,48.56014643199997
3020.7989017600003,15.887926263657896,47.893479765333296
3025.7989017600003,15.885671389652144,47.22681309866663
3030.7989017600003,15.883844968954598,46.56014643199997
3035.7989017600003,15.882407791477819,45.893479765333296
3040.7989017600003,15.881326771108347,45.22681309866663
3045.7989017600003,15.880573834775312,44.56014643199997
3050.7989017600003,15.880124950104234,43.893479765333296
3055.7989017600003,15.879959475211303,43.22681309866663
3060.7989017600003,15.880059584739705,42.56014643199997
3065.7989017600003,15.880409779120608,41.893479765333296
3070.7989017600003,15.880996519689543,41.22681309866663
3075.7989017600003,15.881807923451193,40.56014643199997
3080.7989017600003,15.882833512686608,39.893479765333296
3085.7989017600003,15.884064008905229,39.22681309866663
3090.7989017600003,15.885491162515,38.56014643199997
3095.7989017600003,15.887107611319012,37.893479765333296
3100.7989017600003,15.888906762354141,37.22681309866663
3105.7989017600003,15.890882692700961,36.56014643199997
3110.7989017600003,15.893030065772082,35.893479765333296
3115.7989017600003,15.895344060279287,35.22681309866663
3120.7989017600003,15.897820309630506,34.56014643199997
3125.7989017600003,15.90045484994312,33.893479765333296
3130.7989017600003,15.903244075208674,33.22681309866663
3135.7989017600003,15.906184698419445,32.56014643199997
3140.7989017600003,15.909273717689752,31.8934797653333
3145.7989017600003,15.912508386580841,31.226813098666632
3150.7989017600003,15.915886187980053,30.560146431999964
3155.7989017600003,15.919404810998682,29.8934797653333
3160.7989017600003,15.923062130444917,29.226813098666632
3165.7989017600003,15.926856188501379,28.560146431999964
3170.7989017600003,15.930785178297377,27.8934797653333
3175.7989017600003,15.934847429114367,27.226813098666632
3180.7989017600003,15.939041393002832,26.560146431999964
3185.7989017600003,15.943365632621438,25.8934797653333
3190.7989017600003,15.947818810136111,25.226813098666632
3195.7989017600003,15.952399677039416,24.560146431999964
3200.7989017600003,15.957107064768561,23.8934797653333
3205.7989017600003,15.961939876016576,23.226813098666632
3210.7989017600003,15.966897076644303,22.560146431999964
3215.7989017600003,15.97197768811219,21.8934797653333
3220.7989017600003,15.977180780360358,21.226813098666632
3225.7989017600003,15.982505465074604,20.560146431999964
3230.7989017600003,15.987950889282352,19.8934797653333
3235.7989017600003,15.993516229230153,19.226813098666632
3240.7989017600003,15.999200684499733,18.560146431999964
3245.7989017600003,16.00500347232432,17.893479765333296
3250.7989017600003,16.010923822073046,17.226813098666632
3255.7989017600003,16.016960969874383,16.560146431999968
3260.7989017600003,16.02311415335421,15.893479765333296
3265.7989017600003,16.02938260646807,15.226813098666632
3270.7989017600003,16.035765554410286,14.560146431999968
3275.7989017600003,16.042262208586415,13.893479765333296
3280.7989017600003,16.048871761638672,13.226813098666632
3285.7989017600003,16.055593382516925,12.560146431999968
3290.7989017600003,16.062426211591376,11.893479765333296
3295.7989017600003,16.069369355805033,11.226813098666632
3300.7989017600003,16.076421883868314,10.560146431999968
3305.7989017600003,16.083582821499313,9.893479765333296
3310.7989017600003,16.090851146716997,9.226813098666632
3315.7989017600003,16.09822578519674,8.560146431999968
3320.7989017600003,16.10570560569972,7.893479765333296
3325.7989017600003,16.113289415590483,7.226813098666632
3330.7989017600003,16.120975956458103,6.560146431999968
3335.7989017600003,16.12876389985939,5.893479765333296
3340.7989017600003,16.13665184320268,5.226813098666632
3345.7989017600003,16.144638305793627,4.560146431999968
3350.7989017600003,16.152721725063515,3.8934797653332964
3355.7989017600003,16.160900453003084,3.226813098666632
3360.7989017600003,16.169172752823673,2.560146431999968
3365.7989017600003,16.177536795867947,1.8934797653332964
3370.7989017600003,16.185990658791805,1.2268130986666321
3375.7989017600003,16.19453232103811,0.5601464319999678
3380.7989017600003,16.201778825966446,-0.10652023466670357
3385.7989017600003,16.21036599260919,-0.7731869013333679
3390.7989017600003,16.219043584441003,-1.4398535680000322
3395.7989017600003,16.22780628154357,-2.1065202346667036
3400.7989017600003,16.236650232073803,-2.773186901333368
3405.7989017600003,16.245571825916958,-3.439853568000032
3410.7989017600003,16.25456758196583,-4.106520234666704
3415.7989017600003,16.26363408240959,-4.773186901333368
3420.7989017600003,16.272767931772762,-5.439853568000032
3425.7989017600003,16.28196572971706,-6.106520234666704
3430.7989017600003,16.291224052156142,-6.773186901333368
3435.7989017600003,16.300539437827574,-7.439853568000032
3440.7989017600003,16.309908378705664,-8.106520234666704
3445.7989017600003,16.319327313261287,-8.773186901333368
3450.7989017600003,16.328792621911504,-9.439853568000032
3455.7989017600003,16.338300624198578,-10.106520234666704
3460.7989017600003,16.347847577363773,-10.773186901333368
3465.7989017600003,16.357429676064875,-11.439853568000032
3470.7989017600003,16.36704305304846,-12.106520234666704
3475.7989017600003,16.376683780632113,-12.773186901333368
3480.7989017600003,16.386347872888173,-13.439853568000032
3485.7989017600003,16.396031288447542,-14.106520234666704
3490.7989017600003,16.40572993386624,-14.77318690133336
3495.7989017600003,16.41543966751561,-15.439853568000032
3500.7989017600003,16.425156303974294,-16.106520234666704
3505.7989017600003,16.434875618914383,-16.77318690133336
3510.7989017600003,16.44459335448628,-17.439853568000032
3515.7989017600003,16.45430522521898,-18.106520234666704
3520.7989017600003,16.464006924461874,-18.77318690133336
3525.7989017600003,16.473694131403082,-19.439853568000032
3530.7989017600003,16.48336251870825,-20.106520234666704
3535.7989017600003,16.493007760829105,-20.77318690133336
3540.7989017600003,16.50262554303853,-21.439853568000032
3545.7989017600003,16.512211571252745,-22.106520234666704
3550.7989017600003,16.521761582705263,-22.77318690133336
3555.7989017600003,16.5312713575403,-23.439853568000032
3560.7989017600003,16.54073673139385,-24.106520234666704
3565.7989017600003,16.550153609031888,-24.77318690133336
3570.7989017600003,16.559517979112965,-25.439853568000032
3575.7989017600003,16.568825930140772,-26.106520234666704
3580.7989017600003,16.578073667667407,-26.77318690133336
3585.7989017600003,16.587257532803104,-27.439853568000032
3590.7989017600003,16.596374022080543,-28.106520234666704
3595.7989017600003,16.60541980871327,-28.77318690133336
3600.7989017600003,16.61439176527648,-29.439853568000032
3605.7989017600003,16.621326517889745,-29.853534677333286
3610.7989017600003,16.617747085416447,-28.93686801066662
3615.7989017600003,16.61336933622683,-28.02020134399995
3620.7989017600003,16.608314397741474,-27.103534677333286
3625.7989017600003,16.602678397653115,-26.18686801066662
3630.7989017600003,16.596539479081663,-25.27020134399995
3635.7989017600003,16.58996216811881,-24.353534677333286
3640.7989017600003,16.583000175397043,-23.43686801066662
3645.7989017600003,16.575698465076748,-22.52020134399995
3650.7989017600003,16.56809483185833,-21.603534677333286
3655.7989017600003,16.560221156274785,-20.686868010666622
3660.7989017600003,16.552104424154887,-19.77020134399995
3665.7989017600003,16.54376756376555,-18.853534677333286
3670.7989017600003,16.535230137529705,-17.936868010666622
3675.7989017600003,16.526508915637177,-17.02020134399995
3680.7989017600003,16.51761835267195,-16.103534677333286
3685.7989017600003,16.508570983998258,-15.18686801066662
3690.7989017600003,16.499377755362385,-14.270201343999952
3695.7989017600003,16.490048296618276,-13.353534677333286
3700.7989017600003,16.480591148471884,-12.436868010666618
3705.7989017600003,16.471013949536747,-11.520201343999954
3710.7989017600003,16.461323589712414,-10.603534677333286
3715.7989017600003,16.451526334877798,-9.686868010666618
3720.7989017600003,16.441627927080166,-8.770201343999954
3725.7989017600003,16.431633663759552,-7.853534677333286
3730.7989017600003,16.421548459045678,-6.936868010666622
3735.7989017600003,16.4113768897705,-6.020201343999954
3740.7989017600003,16.40112322853387,-5.103534677333286
3745.7989017600003,16.390791465919133,-4.186868010666622
3750.7989017600003,16.380385323764816,-3.270201343999954
3755.7989017600003,16.369908261240877,-2.353534677333286
3760.7989017600003,16.359363475341862,-1.4368680106666218
3765.7989017600003,16.348753897283697,-0.520201343999954
3770.7989017600003,16.340451064730328,0.39646532266671386
3775.7989017600003,16.329776178733912,1.3131319893333782
3780.7989017600003,16.319026391062238,2.2297986560000425
3785.7989017600003,16.30820691000855,3.146465322666714
3790.7989017600003,16.29732172013454,4.063131989333378
3795.7989017600003,16.28637393105577,4.9797986560000425
3800.7989017600003,16.27536596191737,5.896465322666714
3805.7989017600003,16.264299645665773,6.813131989333378
3810.7989017600003,16.25317629659485,7.7297986560000425
3815.7989017600003,16.241996760947014,8.646465322666714
3820.7989017600003,16.23076145944905,9.563131989333378
3825.7989017600003,16.21947042589986,10.479798656000042
3830.7989017600003,16.20812334381895,11.396465322666714
3835.7989017600003,16.196719582178336,12.313131989333378
3840.7989017600003,16.1852582307358,13.229798656000042
3845.7989017600003,16.17373813520535,14.146465322666714
3850.7989017600003,16.16215793232644,15.063131989333378
3855.7989017600003,16.150516084783423,15.979798656000042
3860.7989017600003,16.138810915854172,16.896465322666714
3865.7989017600003,16.12704064362234,17.813131989333378
3870.7989017600003,16.115203414562362,18.729798656000042
3875.7989017600003,16.103297336295075,19.646465322666714
3880.7989017600003,16.09132050931168,20.563131989333378
3885.7989017600003,16.079271057470606,21.479798656000042
3890.7989017600003,16.067147157084317,22.396465322666714
3895.7989017600003,16.054947064428948,23.313131989333378
3900.7989017600003,16.042669141527544,24.229798656000042
3905.7989017600003,16.030311880077328,25.146465322666714
3910.7989017600003,16.01787392341027,26.063131989333378
3915.7989017600003,16.005354086396917,26.979798656000042
3920.7989017600003,15.99275137322135,27.896465322666714
3925.7989017600003,15.980064992975143,28.813131989333378
3930.7989017600003,15.967294373034978,29.729798656000042
3935.7989017600003,15.954439170206575,30.646465322666714
3940.7989017600003,15.941499279633343,31.563131989333378
3945.7989017600003,15.928474841484304,32.47979865600004
3950.7989017600003,15.915366245450254,33.396465322666714
3955.7989017600003,15.902174133091133,34.31313198933337
3960.7989017600003,15.888899398090931,35.22979865600004
3965.7989017600003,15.875543184488667,36.146465322666714
3970.7989017600003,15.862106882965355,37.06313198933337
3975.7989017600003,15.848592125277527,37.97979865600004
3980.7989017600003,15.835000776937479,38.896465322666714
3985.7989017600003,15.82133492824881,39.81313198933337
3990.7989017600003,15.807596883813808,40.72979865600004
3995.7989017600003,15.793789150634899,41.646465322666714
4000.7989017600003,15.779914424938626,42.56313198933337
4005.7989017600003,15.765975577853991,43.47979865600004
4010.7989017600003,15.751975640080225,44.396465322666714
4015.7989017600003,15.737917785680995,45.31313198933337
4020.7989017600003,15.723805315142075,46.22979865600004
4025.7989017600003,15.709641637829291,47.146465322666714
4030.7989017600003,15.695430253981561,48.06313198933337
4035.7989017600003,15.681174736370988,48.97979865600004
4040.7989017600003,15.6668787117575,49.896465322666714
4045.7989017600003,15.652545842261471,50.81313198933337
4050.7989017600003,15.638179806770493,51.72979865600004
4055.7989017600003,15.623784282491126,52.646465322666714
4060.7989017600003,15.609362926747362,53.56313198933337
4065.7989017600003,15.594919359120869,54.47979865600004
4070.7989017600003,15.580457144017824,55.396465322666714
4075.7989017600003,15.565979773738968,56.31313198933337
4080.7989017600003,15.551490652119552,57.22979865600004
4085.7989017600003,15.53699307879561,58.146465322666714
4090.7989017600003,15.52249023414351,59.06313198933337
4095.7989017600003,15.507985164929044,59.97979865600004
4100.79890176,15.493480770692795,60.896465322666714
4105.79890176,15.478979790887676,61.81313198933337
4110.79890176,15.46448479277533,62.72979865600004
4115.79890176,15.449998160077632,63.646465322666714
4120.79890176,15.435522082371133,64.56313198933337
4125.79890176,15.421058545201383,65.47979865600004
4130.79890176,15.406609320887235,66.39646532266671
4135.79890176,15.39217595997513,67.31313198933337
4140.79890176,15.377759783295918,68.22979865600004
4145.79890176,15.363361874569163,69.14646532266671
4150.79890176,15.348983073491926,70.06313198933337
4155.79890176,15.334623969242866,70.97979865600004
4160.79890176,15.320284894325136,71.89646532266671
4165.79890176,15.305965918666152,72.81313198933337
4170.79890176,15.291666843885853,73.72979865600004
4175.79890176,15.277387197640397,74.64646532266671
4180.79890176,15.263126227942585,75.56313198933337
4185.79890176,15.248882897356761,76.47979865600004
4190.79890176,15.234655876960398,77.39646532266671
4195.79890176,15.220443539962307,78.31313198933337
4200.79890176,15.206243954862662,79.22979865600004
4205.79890176,15.194124177005074,79.78695953066659
4210.79890176,15.193088779322359,78.45362619733326
4215.79890176,15.19320772015527,77.12029286399994
4220.79890176,15.194313596213952,75.78695953066659
4225.79890176,15.19627444258003,74.45362619733326
4230.79890176,15.198984163215101,73.12029286399994
4235.79890176,15.202356190509482,71.78695953066659
4240.79890176,15.206319022738876,70.45362619733326
4245.79890176,15.210812979826299,69.12029286399994
4250.79890176,15.215787800259191,67.78695953066659
4255.79890176,15.221200835379275,66.45362619733326
4260.79890176,15.227015673885493,65.12029286399994
4265.79890176,15.233201079145891,63.78695953066659
4270.79890176,15.239730156022748,62.453626197333264
4275.79890176,15.246579687803894,61.12029286399993
4280.79890176,15.253729600712068,59.78695953066659
4285.79890176,15.261162525439207,58.453626197333264
4290.79890176,15.268863433659272,57.12029286399993
4295.79890176,15.27681933351397,55.78695953066659
4300.79890176,15.285019012341987,54.453626197333264
4305.79890176,15.293452817933142,53.120292863999936
4310.79890176,15.302112471696425,51.78695953066659
4315.79890176,15.310990908596064,50.453626197333264
4320.79890176,15.32008213972824,49.120292863999936
4325.79890176,15.329381134123217,47.7869595306666
4330.79890176,15.33888371687115,46.453626197333264
4335.79890176,15.34858648105436,45.12029286399993
4340.79890176,15.358486711278152,43.7869595306666
4345.79890176,15.368582316854397,42.453626197333264
4350.79890176,15.378871772928363,41.12029286399993
4355.79890176,15.38935406805468,39.7869595306666
4360.79890176,15.400028656928095,38.453626197333264
4365.79890176,15.41089541715726,37.12029286399993
4370.79890176,15.421954609133222,35.7869595306666
4375.79890176,15.433206838188088,34.453626197333264
4380.79890176,15.444653018362855,33.12029286399993
4385.79890176,15.45629433720574,31.7869595306666
4390.79890176,15.468132221108508,30.453626197333264
4395.79890176,15.480168300757576,29.12029286399993
4400.79890176,15.492404376334118,27.7869595306666
4405.79890176,15.50484238214745,26.453626197333264
4410.79890176,15.51748435043123,25.12029286399993
4415.79890176,15.530332374076488,23.7869595306666
4420.79890176,15.543388568126085,22.453626197333264
4425.79890176,15.556655029910562,21.12029286399993
4430.79890176,15.570133797774414,19.7869595306666
4435.79890176,15.58382680842265,18.453626197333264
4440.79890176,15.597735853016282,17.12029286399993
4445.79890176,15.611862532260094,15.786959530666593
4450.79890176,15.626208210858126,14.453626197333264
4455.79890176,15.640773971860224,13.120292863999936
4460.79890176,15.655560571581697,11.786959530666593
4465.79890176,15.670568395942219,10.453626197333264
4470.79890176,15.685797419231644,9.120292863999936
4475.79890176,15.701247166455824,7.786959530666593
4480.79890176,15.716916680534489,6.453626197333264
4485.79890176,15.732804495698536,5.120292863999936
4490.79890176,15.748908618449976,3.786959530666593
4495.79890176,15.765226517392254,2.4536261973332643
4500.79890176,15.781755123097241,1.1202928639999357
4505.79890176,15.798452795768588,-0.21304046933340715
4510.79890176,15.81538351575039,-1.5463738026667357
4515.79890176,15.832511696381886,-2.8797071360000643
4520.79890176,15.84983213333214,-4.213040469333407
4525.79890176,15.867339242432342,-5.546373802666736
4530.79890176,15.885027119127667,-6.879707136000064
4535.79890176,15.902889608380242,-8.213040469333407
4540.79890176,15.92092038198004,-9.546373802666736
4545.79890176,15.93911302050895,-10.879707136000064
4550.79890176,15.957461097368565,-12.213040469333407
4555.79890176,15.975958262391831,-13.546373802666736
4560.79890176,15.994598322683768,-14.879707136000064
4565.79890176,16.013375318490255,-16.213040469333407
4570.79890176,16.032283592060654,-17.546373802666736
4575.79890176,16.051317847637783,-18.879707136000064
4580.79890176,16.070473200866964,-20.213040469333407
4585.79890176,16.089745216090794,-21.546373802666736
4590.79890176,16.10912993022129,-22.879707136000064
4595.79890176,16.128623862205675,-24.213040469333407
4600.79890176,16.14822400755131,-25.546373802666736
4605.79890176,16.167927817941514,-26.879707136000064
4610.79890176,16.187733166598008,-28.213040469333407
4615.79890176,16.207638300635754,-29.546373802666736
4620.79890176,16.227641782111363,-30.879707136000064
4625.79890176,16.2477424197153,-32.21304046933341
4630.79890176,16.267939193075964,-33.546373802666736
4635.79890176,16.288231171461202,-34.879707136000064
4640.79890176,16.308617428344327,-36.21304046933341
4645.79890176,16.329096952928207,-37.546373802666736
4650.79890176,16.349668559359824,-38.879707136000064
4655.79890176,16.37033079407041,-40.21304046933341
4660.79890176,16.391081841462526,-41.546373802666736
4665.79890176,16.411919428044204,-42.879707136000064
4670.79890176,16.432840725069816,-44.21304046933341
4675.79890176,16.453842249778265,-45.546373802666736
4680.79890176,16.474919765406522,-46.879707136000064
4685.79890176,16.496068180291648,-48.21304046933341
4690.79890176,16.517281446550527,-49.54637380266672
4695.79890176,16.538552459038783,-50.879707136000064
4700.79890176,16.55987295554018,-52.21304046933341
4705.79890176,16.581233419422965,-53.54637380266672
4710.79890176,16.602622986322952,-54.879707136000064
4715.79890176,16.624029356774283,-56.21304046933341
4720.79890176,16.645438717109815,-57.54637380266672
4725.79890176,16.66683567139043,-58.879707136000064
4730.79890176,16.688203187594816,-60.21304046933341
4735.79890176,16.709522561802437,-61.54637380266672
4740.79890176,16.730773404623445,-62.879707136000064
4745.79890176,16.75193365465609,-64.21304046933341
4750.79890176,16.772979624270995,-65.54637380266672
4755.79890176,16.793886083503647,-66.87970713600006
4760.79890176,16.81462638825761,-68.21304046933341
4765.79890176,16.835172659342025,-69.54637380266672
4770.79890176,16.855496019045173,-70.87970713600006
4775.79890176,16.875566891930394,-72.21304046933341
4780.79890176,16.895355376274015,-73.54637380266672
4785.79890176,16.91483169198181,-74.87970713600006
4790.79890176,16.933966709855124,-76.21304046933341
4795.79890176,16.952732565659456,-77.54637380266672
4800.79890176,16.971103360511872,-78.87970713600006
4805.79890176,16.987064707099798,-79.86684970666663
4810.79890176,16.99197926492874,-79.03351637333328
4815.79890176,16.995285774715796,-78.20018303999996
4820.79890176,16.997242245143955,-77.36684970666663
4825.79890176,16.99805723210704,-76.53351637333328
4830.79890176,16.997902371034936,-75.70018303999996
4835.79890176,16.99692040542812,-74.86684970666663
4840.79890176,16.995231021398094,-74.03351637333328
4845.79890176,16.9929350900859,-73.20018303999996
4850.79890176,16.990117939759394,-72.36684970666663
4855.79890176,16.98685202324157,-71.53351637333328
4860.79890176,16.983199038249325,-70.70018303999996
4865.79890176,16.979211649918085,-69.86684970666663
4870.79890176,16.974934899030707,-69.03351637333328
4875.79890176,16.97040736050004,-68.20018303999996
4880.79890176,16.965662102180207,-67.36684970666663
4885.79890176,16.960727483100833,-66.53351637333328
4890.79890176,16.955627821814947,-65.70018303999996
4895.79890176,16.95038395907491,-64.86684970666663
4900.79890176,16.9450137340313,-64.03351637333328
4905.79890176,16.93953238924781,-63.200183039999956
4910.79890176,16.933952916777763,-62.36684970666663
4915.79890176,16.928286355161326,-61.53351637333329
4920.79890176,16.922542045325198,-60.700183039999956
4925.79890176,16.91672785188201,-59.86684970666663
4930.79890176,16.910850355149414,-59.03351637333329
4935.79890176,16.904915018268408,-58.200183039999956
4940.79890176,16.898926333046397,-57.36684970666663
4945.79890176,16.89288794754253,-56.53351637333329
4950.79890176,16.886802777919733,-55.700183039999956
4955.79890176,16.88067310668611,-54.86684970666663
4960.79890176,16.874500669119307,-54.03351637333329
4965.79890176,16.868286729396115,-53.200183039999956
4970.79890176,16.862032147725422,-52.36684970666663
4975.79890176,16.85573743959649,-51.53351637333329
4980.79890176,16.8494028280978,-50.700183039999956
4985.79890176,16.8430282901322,-49.86684970666663
4990.79890176,16.83661359724295,-49.03351637333329
4995.79890176,16.830158351672647,-48.200183039999956
5000.79890176,16.823662018197773,-47.36684970666663
5005.79890176,16.81712395221393,-46.53351637333329
5010.79890176,16.810543424489147,-45.700183039999956
5015.79890176,16.803919642953137,-44.86684970666663
5020.79890176,16.797251771847495,-44.03351637333329
5025.79890176,16.79053894852473,-43.200183039999956
5030.79890176,16.783780298152212,-42.36684970666663
5035.79890176,16.776974946548698,-41.53351637333329
5040.79890176,16.77012203135723,-40.700183039999956
5045.79890176,16.763220711736384,-39.86684970666663
5050.79890176,16.756270176733103,-39.03351637333329
5055.79890176,16.74926965248375,-38.200183039999956
5060.79890176,16.742218408375404,-37.36684970666663
5065.79890176,16.735115762286085,-36.53351637333329
5070.79890176,16.727961085010776,-35.700183039999956
5075.79890176,16.720753803969867,-34.86684970666663
5080.79890176,16.713493406286425,-34.03351637333329
5085.79890176,16.706179441310436,-33.200183039999956
5090.79890176,16.698811522659383,-32.36684970666663
5095.79890176,16.69138932983722,-31.533516373333292
5100.79890176,16.68391260948635,-30.700183039999956
5105.79890176,16.676381176319836,-29.866849706666628
5110.79890176,16.668794913774697,-29.033516373333292
5115.79890176,16.66115377441964,-28.200183039999956
5120.79890176,16.65345778014412,-27.366849706666628
5125.79890176,16.64570702214834,-26.533516373333292
5130.79890176,16.637901660746707,-25.700183039999956
5135.79890176,16.63004192499,-24.866849706666628
5140.79890176,16.62212811210372,-24.033516373333292
5145.79890176,16.614160586732485,-23.200183039999956
5150.79890176,16.6061397799728,-22.366849706666628
5155.79890176,16.598066188167792,-21.533516373333292
5160.79890176,16.589940371430803,-20.700183039999956
5165.79890176,16.58176295185618,-19.866849706666628
5170.79890176,16.573534611369272,-19.033516373333292
5175.79890176,16.565256089160787,-18.200183039999956
5180.79890176,16.556928178645702,-17.366849706666628
5185.79890176,16.548551723882692,-16.533516373333292
5190.79890176,16.540127615388023,-15.700183039999956
5195.79890176,16.531656785277395,-14.866849706666628
5200.79890176,16.523140201672,-14.033516373333299
5205.79890176,16.514578862309328,-13.200183039999956
5210.79890176,16.505973787308257,-12.366849706666628
5215.79890176,16.497326011048752,-11.533516373333299
5220.79890176,16.488636573141243,-10.700183039999956
5225.79890176,16.479906508479306,-9.866849706666628
5230.79890176,16.47113683638958,-9.033516373333299
5235.79890176,16.46232854891769,-8.200183039999956
5240.79890176,16.453482598314512,-7.366849706666628
5245.79890176,16.444599883815037,-6.533516373333299
5250.79890176,16.435681237830124,-5.700183039999956
5255.79890176,16.42672741170002,-4.866849706666628
5260.79890176,16.417739061184196,-4.033516373333299
5265.79890176,16.408716731886905,-3.2001830399999562
5270.79890176,16.39966084483766,-2.3668497066666276
5275.79890176,16.390571682461736,-1.533516373333299
5280.79890176,16.38144937518626,-0.7001830399999562
5285.79890176,16.37471658048235,0.13315029333337236
5290.79890176,16.365581690870357,0.966483626666701
5295.79890176,16.356397509832505,1.7998169600000438
5300.79890176,16.347166928201993,2.6331502933333724
5305.79890176,16.337891418678968,3.466483626666701
5310.79890176,16.328571714725346,4.299816960000044
5315.79890176,16.319207992592286,5.133150293333372
5320.79890176,16.309799969135387,5.966483626666701
5325.79890176,16.300346961475274,6.799816960000044
5330.79890176,16.290847929237422,7.633150293333372
5335.79890176,16.28130150852291,8.466483626666701
5340.79890176,16.271706041776532,9.299816960000044
5345.79890176,16.262059605574446,10.133150293333372
5350.79890176,16.252360037392457,10.966483626666701
5355.79890176,16.242604961951738,11.799816960000044
5360.79890176,16.23279181748731,12.633150293333372
5365.79890176,16.22291788213192,13.466483626666701
5370.79890176,16.212980300505766,14.299816960000044
5375.79890176,16.20297611052811,15.133150293333372
5380.79890176,16.192902270411597,15.966483626666701
5385.79890176,16.182755685759364,16.799816960000044
5390.79890176,16.172533236653553,17.633150293333372
5395.79890176,16.162231804601696,18.4664836266667
5400.79890176,16.1518482991928,19.299816960000044
5405.79890176,16.14285862944317,19.946739882666648
5410.79890176,16.141623996446267,19.613406549333316
5415.79890176,16.140739868061054,19.280073215999984
5420.79890176,16.140161024750224,18.946739882666648
5425.79890176,16.13985084506129,18.613406549333316
5430.79890176,16.13977922213653,18.280073215999984
5435.79890176,16.13992093108788,17.946739882666648
5440.79890176,16.140254761075997,17.613406549333316
5445.79890176,16.140762772880326,17.280073215999984
5450.79890176,16.141429722939503,16.946739882666648
5455.79890176,16.14224260460815,16.613406549333316
5460.79890176,16.143190276951795,16.280073215999984
5465.79890176,16.14426316142698,15.946739882666648
5470.79890176,16.14545299240592,15.613406549333316
5475.79890176,16.146752610985565,15.280073215999982
5480.79890176,16.148155793884662,14.946739882666648
5485.79890176,16.14965711094814,14.613406549333316
5490.79890176,16.151251815021062,14.280073215999982
5495.79890176,16.15293570653187,13.946739882666648
5500.79890176,16.154705097448137,13.613406549333316
5505.79890176,16.15655671782796,13.280073215999984
5510.79890176,16.15848765658316,12.946739882666648
5515.79890176,16.1604953110481,12.613406549333316
5520.79890176,16.162577343973574,12.280073215999984
5525.79890176,16.164731646801247,11.94673988266665
5530.79890176,16.166956308244863,11.613406549333316
5535.79890176,16.169249587357687,11.280073215999982
5540.79890176,16.171609890398518,10.94673988266665
5545.79890176,16.174035750920275,10.613406549333316
5550.79890176,16.176525812598438,10.280073215999982
5555.79890176,16.179078814393762,9.94673988266665
5560.79890176,16.181693577708025,9.613406549333316
5565.79890176,16.184368995244395,9.280073215999982
5570.79890176,16.187104021328544,8.94673988266665
5575.79890176,16.18989766348415,8.613406549333316
5580.79890176,16.192748975086268,8.280073215999982
5585.79890176,16.19565704894333,7.94673988266665
5590.79890176,16.19862101167987,7.613406549333316
5595.79890176,16.201640018810426,7.280073215999982
5600.79890176,16.20471325041114,6.94673988266665
5605.79890176,16.207839907308816,6.613406549333316
5610.79890176,16.21101920771838,6.280073215999982
5615.79890176,16.21425038426943,5.94673988266665
5620.79890176,16.21753268137096,5.613406549333316
5625.79890176,16.2208653528703,5.280073215999982
5630.79890176,16.22424765996832,4.94673988266665
5635.79890176,16.22767886935841,4.613406549333316
5640.79890176,16.231158251561116,4.280073215999982
5645.79890176,16.23468507943005,3.946739882666648
5650.79890176,16.238258626808264,3.613406549333316
5655.79890176,16.24187816731729,3.280073215999984
5660.79890176,16.245542973262758,2.946739882666648
5665.79890176,16.249252314643975,2.613406549333316
5670.79890176,16.2530054582555,2.280073215999984
5675.79890176,16.256801666870903,1.9467398826666482
5680.79890176,16.26064019850045,1.613406549333316
5685.79890176,16.2645203057153,1.280073215999984
5690.79890176,16.268441235032128,0.9467398826666482
5695.79890176,16.27240222635283,0.6134065493333161
5700.79890176,16.2764025124396,0.2800732159999839
5705.79890176,16.278524296141033,-0.053260117333351786
5710.79890176,16.28242838658298,-0.38659345066668394
5715.79890176,16.286433676991233,-0.7199267840000161
5720.79890176,16.290485098725377,-1.0532601173333518
5725.79890176,16.294579970231332,-1.386593450666684
5730.79890176,16.29871606358693,-1.719926784000016
5735.79890176,16.302891451441152,-2.053260117333352
5740.79890176,16.307104418454767,-2.386593450666684
5745.79890176,16.311353406191667,-2.719926784000016
5750.79890176,16.315636975968,-3.053260117333352
5755.79890176,16.319953782165577,-3.386593450666684
5760.79890176,16.32430255220083,-3.719926784000016
5765.79890176,16.328682071055365,-4.053260117333352
5770.79890176,16.33309116911017,-4.386593450666684
5775.79890176,16.33752871246464,-4.719926784000016
5780.79890176,16.341993595171576,-5.053260117333352
5785.79890176,16.3464847329756,-5.386593450666684
5790.79890176,16.351001058245632,-5.719926784000016
5795.79890176,16.355541515865436,-6.053260117333352
5800.79890176,16.360105059899155,-6.386593450666684
5805.79890176,16.364690650889084,-6.719926784000016
5810.79890176,16.3692972536725,-7.053260117333352
5815.79890176,16.37392383562889,-7.386593450666684
5820.79890176,16.378569365285703,-7.719926784000016
5825.79890176,16.383232811226147,-8.053260117333352
5830.79890176,16.38791314125322,-8.386593450666684
5835.79890176,16.39260932177283,-8.719926784000016
5840.79890176,16.39732031736662,-9.053260117333352
5845.79890176,16.402045090530088,-9.386593450666684
5850.79890176,16.40678260155645,-9.719926784000016
5855.79890176,16.411531808550713,-10.053260117333352
5860.79890176,16.416291667560525,-10.386593450666684
5865.79890176,16.42106113281392,-10.719926784000016
5870.79890176,16.425839157055286,-11.053260117333352
5875.79890176,16.430624691972785,-11.386593450666684
5880.79890176,16.435416688712106,-11.719926784000016
5885.79890176,16.44021409847209,-12.053260117333352
5890.79890176,16.445015873179223,-12.38659345066668
5895.79890176,16.449820966238214,-12.719926784000016
5900.79890176,16.454628333357476,-13.053260117333352
5905.79890176,16.459436933447655,-13.38659345066668
5910.79890176,16.46424572959302,-13.719926784000016
5915.79890176,16.469053690095144,-14.053260117333352
5920.79890176,16.473859789589063,-14.38659345066668
5925.79890176,16.478663010232115,-14.719926784000016
5930.79890176,16.48346234296611,-15.053260117333352
5935.79890176,16.488256788853537,-15.38659345066668
5940.79890176,16.49304536048859,-15.719926784000016
5945.79890176,16.49782708348426,-16.053260117333352
5950.79890176,16.502600998036137,-16.38659345066668
5955.79890176,16.507366160564455,-16.719926784000016
5960.79890176,16.512121645435066,-17.053260117333352
5965.79890176,16.516866546760813,-17.38659345066668
5970.79890176,16.521599980283774,-17.719926784000016
5975.79890176,16.52632108533979,-18.053260117333352
5980.79890176,16.531029026905824,-18.38659345066668
5985.79890176,16.53572299773055,-18.719926784000016
5990.79890176,16.540402220549197,-19.053260117333352
5995.79890176,16.54506595038214,-19.38659345066668
6000.79890176,16.549713476917766,-19.719926784000016
6005.79890176,16.55365128685026,-19.973369941333324
6010.79890176,16.55389921136509,-19.806703274666656
6015.79890176,16.553936697031613,-19.640036607999992
6020.79890176,16.553796078407622,-19.473369941333324
6025.79890176,16.553503068032278,-19.306703274666656
6030.79890176,16.553078676028353,-19.140036607999992
6035.79890176,16.55254035845625,-18.973369941333324
6040.79890176,16.551902761833553,-18.80670327466666
6045.79890176,16.551178251238266,-18.640036607999992
6050.79890176,16.550377310453833,-18.473369941333324
6055.79890176,16.549508857911466,-18.30670327466666
6060.79890176,16.54858050218825,-18.140036607999992
6065.79890176,16.547598751493474,-17.973369941333324
6070.79890176,16.546569186859273,-17.80670327466666
6075.79890176,16.545496606097892,-17.640036607999992
6080.79890176,16.544385143922167,-17.473369941333324
6085.79890176,16.543238372477614,-17.30670327466666
6090.79890176,16.54205938569302,-17.140036607999992
6095.79890176,16.54085087021048,-16.973369941333324
6100.79890176,16.539615165150558,-16.80670327466666
6105.79890176,16.53835431256318,-16.640036607999992
6110.79890176,16.53707010009095,-16.473369941333324
6115.79890176,16.535764097106544,-16.30670327466666
6120.79890176,16.534437685371326,-16.140036607999992
6125.79890176,16.53309208508614,-15.973369941333324
6130.79890176,16.53172837705983,-15.806703274666658
6135.79890176,16.530347521602067,-15.640036607999992
6140.79890176,16.528950374648154,-15.473369941333324
6145.79890176,16.5275377015413,-15.306703274666658
6150.79890176,16.526110188830152,-15.140036607999992
6155.79890176,16.524668454382176,-14.973369941333324
6160.79890176,16.523213056066503,-14.806703274666658
6165.79890176,16.521744499220002,-14.640036607999992
6170.79890176,16.52026324307721,-14.473369941333324
6175.79890176,16.51876970631691,-14.306703274666658
6180.79890176,16.517264271854692,-14.140036607999992
6185.79890176,16.515747290991133,-13.973369941333324
6190.79890176,16.514219087008655,-13.806703274666658
6195.79890176,16.512679958296044,-13.640036607999992
6200.79890176,16.511130181067863,-13.473369941333324
6205.79890176,16.509570011735832,-13.306703274666658
6210.79890176,16.50799968898098,-13.140036607999992
6215.79890176,16.506419435567953,-12.973369941333324
6220.79890176,16.504829459937095,-12.806703274666658
6225.79890176,16.503229957604272,-12.640036607999992
6230.79890176,16.50162111239467,-12.473369941333324
6235.79890176,16.500003097532336,-12.306703274666658
6240.79890176,16.498376076604753,-12.140036607999992
6245.79890176,16.496740204418412,-11.973369941333324
6250.79890176,16.495095627759667,-11.806703274666658
6255.79890176,16.49344248607252,-11.640036607999992
6260.79890176,16.49178091206395,-11.473369941333324
6265.79890176,16.4901110322455,-11.306703274666658
6270.79890176,16.4884329674189,-11.140036607999992
6275.79890176,16.486746833112225,-10.973369941333324
6280.79890176,16.48505273997244,-10.806703274666658
6285.79890176,16.48335079411925,-10.640036607999992
6290.79890176,16.48164109746452,-10.473369941333324
6295.79890176,16.479923748001085,-10.306703274666658
6300.79890176,16.478198840064017,-10.140036607999992
6305.79890176,16.476466464567586,-9.973369941333324
6310.79890176,16.474726709219883,-9.806703274666658
6315.79890176,16.47297965871761,-9.640036607999992
6320.79890176,16.471225394923014,-9.473369941333324
6325.79890176,16.469463997024214,-9.306703274666658
6330.79890176,16.467695541680964,-9.140036607999992
6335.79890176,16.46592010315657,-8.973369941333324
6340.79890176,16.464137753437733,-8.806703274666658
6345.79890176,16.462348562342697,-8.640036607999992
6350.79890176,16.46055259761928,-8.473369941333324
6355.79890176,16.458749925032894,-8.306703274666658
6360.79890176,16.456940608446015,-8.140036607999992
6365.79890176,16.45512470988916,-7.973369941333324
6370.79890176,16.45330228962428,-7.806703274666658
6375.79890176,16.451473406201096,-7.640036607999992
6380.79890176,16.449638116506634,-7.473369941333324
6385.79890176,16.44779647580876,-7.306703274666658
6390.79890176,16.44594853779376,-7.140036607999992
6395.79890176,16.44409435459854,-6.973369941333324
6400.79890176,16.442233976837766,-6.806703274666658
6405.79890176,16.440367453626216,-6.640036607999992
6410.79890176,16.43849483259664,-6.473369941333324
6415.79890176,16.436616159913367,-6.306703274666658
6420.79890176,16.43473148028195,-6.140036607999992
6425.79890176,16.432840836955243,-5.973369941333324
6430.79890176,16.4309442717356,-5.806703274666658
6435.79890176,16.429041824974203,-5.640036607999992
6440.79890176,16.427133535566867,-5.473369941333324
6445.79890176,16.425219440947238,-5.306703274666658
6450.79890176,16.42329957707699,-5.140036607999992
6455.79890176,16.421373978433675,-4.973369941333324
6460.79890176,16.419442677995843,-4.806703274666658
6465.79890176,16.41750570722621,-4.640036607999992
6470.79890176,16.415563096052438,-4.473369941333324
6475.79890176,16.413614872846047,-4.306703274666658
6480.79890176,16.41166106439951,-4.140036607999992
6485.79890176,16.409701695901468,-3.973369941333324
6490.79890176,16.407736790910548,-3.80670327466666
6495.79890176,16.40576637132761,-3.640036607999992
6500.79890176,16.403790457366593,-3.473369941333324
6505.79890176,16.40180906752432,-3.30670327466666
6510.79890176,16.399822218548987,-3.140036607999992
6515.79890176,16.397829925407766,-2.973369941333324
6520.79890176,16.395832201253533,-2.80670327466666
6525.79890176,16.393829057390743,-2.640036607999992
6530.79890176,16.391820503240744,-2.473369941333324
6535.79890176,16.389806546306378,-2.30670327466666
6540.79890176,16.387787192136337,-2.140036607999992
6545.79890176,16.385762444288932,-1.973369941333324
6550.79890176,16.383732304295766,-1.8067032746666598
6555.79890176,16.381696771625236,-1.640036607999992
6560.79890176,16.37965584364591,-1.473369941333324
6565.79890176,16.37760951559,-1.3067032746666598
6570.79890176,16.375557780517006,-1.140036607999992
6575.79890176,16.37350062927755,-0.9733699413333241
6580.79890176,16.37143805047753,-0.8067032746666598
6585.79890176,16.36937003044272,-0.640036607999992
6590.79890176,16.367296553184012,-0.4733699413333241
6595.79890176,16.365217600366528,-0.3067032746666598
6600.79890176,16.36313338872464,-0.14003660799999196
6605.79890176,16.362284454035553,-0.09986272000003282
6610.79890176,16.367975833667206,-0.7248627200000328
6615.79890176,16.3739210057814,-1.3498627200000328
6620.79890176,16.380082182590463,-1.9748627200000328
6625.79890176,16.386431144543927,-2.599862720000033
6630.79890176,16.39294413759919,-3.224862720000033
6635.79890176,16.399600764158542,-3.849862720000033
6640.79890176,16.40638329037824,-4.474862720000033
6645.79890176,16.413276156968383,-5.099862720000033
6650.79890176,16.4202656139426,-5.724862720000033
6655.79890176,16.42733943638951,-6.349862720000033
6660.79890176,16.43448669791297,-6.974862720000033
6665.79890176,16.44169758761916,-7.599862720000033
6670.79890176,16.448963261214715,-8.224862720000033
6675.79890176,16.4562757194069,-8.849862720000033
6680.79890176,16.463627708438,-9.474862720000033
6685.79890176,16.47101263870831,-10.099862720000033
6690.79890176,16.478424518262354,-10.724862720000033
6695.79890176,16.485857898538537,-11.349862720000033
6700.79890176,16.493307830271586,-11.974862720000033
6705.79890176,16.500769827825078,-12.599862720000033
6710.79890176,16.50823984054313,-13.224862720000033
6715.79890176,16.51571422996034,-13.849862720000033
6720.79890176,16.523189751912867,-14.474862720000033
6725.79890176,16.530663542757768,-15.099862720000033
6730.79890176,16.53813310904206,-15.724862720000033
6735.79890176,16.545596320071667,-16.349862720000033
6740.79890176,16.55305140291915,-16.974862720000033
6745.79890176,16.56049693948111,-17.599862720000033
6750.79890176,16.567931865253822,-18.224862720000033
6755.79890176,16.57535546954284,-18.849862720000033
6760.79890176,16.582767396859133,-19.474862720000033
6765.79890176,16.590167649283963,-20.099862720000033
6770.79890176,16.5975565896074,-20.724862720000033
6775.79890176,16.604934945062617,-21.349862720000033
6780.79890176,16.61230381149161,-21.974862720000033
6785.79890176,16.61966465778641,-22.599862720000033
6790.79890176,16.62701933045687,-23.224862720000033
6795.79890176,16.634370058179563,-23.849862720000033
6800.79890176,16.641719456184067,-24.474862720000033
6805.79890176,16.649070530334534,-25.099862720000033
6810.79890176,16.65642668076256,-25.724862720000033
6815.79890176,16.66379170490782,-26.349862720000033
6820.79890176,16.671169799820596,-26.974862720000033
6825.79890176,16.678565563579745,-27.599862720000033
6830.79890176,16.68598399567832,-28.224862720000033
6835.79890176,16.69343049622912,-28.849862720000033
6840.79890176,16.700910863842495,-29.474862720000033
6845.79890176,16.70843129203063,-30.099862720000033
6850.79890176,16.71599836399519,-30.724862720000033
6855.79890176,16.723619045659284,-31.349862720000033
6860.79890176,16.73130067681077,-31.974862720000033
6865.79890176,16.739050960231246,-32.59986272000003
6870.79890176,16.746877948694475,-33.22486272000003
6875.79890176,16.75479002972957,-33.84986272000003
6880.79890176,16.76279590805723,-34.47486272000003
6885.79890176,16.7709045856231,-35.09986272000003
6890.79890176,16.779125339169386,-35.72486272000003
6895.79890176,16.78746769530571,-36.34986272000003
6900.79890176,16.795941403061192,-36.97486272000003
6905.79890176,16.80455640392318,-37.59986272000003
6910.79890176,16.813322799392786,-38.22486272000003
6915.79890176,16.82225081611386,-38.84986272000003
6920.79890176,16.831350768659384,-39.47486272000003
6925.79890176,16.84063302008786,-40.09986272000003
6930.79890176,16.85010794041136,-40.72486272000003
6935.79890176,16.859785863146275,-41.34986272000003
6940.79890176,16.869677040146914,-41.97486272000003
6945.79890176,16.879791594950742,-42.59986272000003
6950.79890176,16.890139474892006,-43.22486272000003
6955.79890176,16.9007304022661,-43.84986272000003
6960.79890176,16.91157382485196,-44.47486272000003
6965.79890176,16.922678866121196,-45.09986272000003
6970.79890176,16.934054275481913,-45.72486272000003
6975.79890176,16.945708378921104,-46.34986272000003
6980.79890176,16.95764903042169,-46.97486272000003
6985.79890176,16.969883564538204,-47.59986272000003
6990.79890176,16.982418750519653,-48.22486272000003
6995.79890176,16.995260748367205,-48.84986272000003
7000.79890176,17.008415067208993,-49.47486272000003
7005.79890176,17.021125893687447,-50.0
7010.79890176,17.030060869552443,-50.0
7015.79890176,17.038791346973,-50.0
7020.79890176,17.047365152387563,-50.0
7025.79890176,17.055819419655503,-50.0
7030.79890176,17.064183955175675,-50.0
7035.79890176,17.072482771546383,-50.0
7040.79890176,17.080735271395035,-50.0
7045.79890176,17.088957107730955,-50.0
7050.79890176,17.097160850728333,-50.0
7055.79890176,17.10535652307041,-50.0
7060.79890176,17.113552037568844,-50.0
7065.79890176,17.12175355811305,-50.0
7070.79890176,17.12996579873508,-50.0
7075.79890176,17.138192272008723,-50.0
7080.79890176,17.14643549567486,-50.0
7085.79890176,17.154697164701133,-50.0
7090.79890176,17.162978294684443,-50.0
7095.79890176,17.171279341465148,-50.0
7100.79890176,17.17960030097652,-50.0
7105.79890176,17.18794079265805,-50.0
7110.79890176,17.19630012918966,-50.0
7115.79890176,17.204677374830847,-50.0
7120.79890176,17.213071394258638,-50.0
7125.79890176,17.221480893475736,-50.0
7130.79890176,17.229904454092498,-50.0
7135.79890176,17.238340562067116,-50.0
7140.79890176,17.24678763180418,-50.0
7145.79890176,17.255244026361996,-50.0
7150.79890176,17.263708074392746,-50.0
7155.79890176,17.272178084336982,-50.0
7160.79890176,17.280652356307023,-50.0
7165.79890176,17.289129192022948,-50.0
7170.79890176,17.297606903105496,-50.0
7175.79890176,17.306083817980927,-50.0
7180.79890176,17.314558287611842,-50.0
7185.79890176,17.323028690233663,-50.0
7190.79890176,17.33149343524852,-50.0
7195.79890176,17.3399509664034,-50.0
7200.0,17.34705037900907,-50.0
